time_stamp,location,user name,text,val
2020-04-06 13:27:10,chennai,Ankur Singh,RT : So boxer and fraud checker _bear sharing solapur fire video of Feb 3 to target Modi govt. Link- http‚Ä¶,0
2020-04-06 13:27:10,"Chandigarh, India",Saket Gokhale,RT : Modi doesn‚Äôt want to test enough people for Covid-19. That‚Äôs because he &amp; his media have spent the last few days tellin‚Ä¶,1
2020-04-06 13:27:10,comfort zone,Shilpa Nair,RT : Kamal Haasan writes a strongly worded letter to PM Modi. Says his biggest fear is that the same mistake of demonetisat‚Ä¶,0
2020-04-06 13:27:09,Coorg,Mr. Harmonium üîäüíØ%FB,"RT _a_r_1_2_m: üôèüôèüôè Very good move Sir Highly appreciable Hon. P. M. Sri N. D. Modi ji Every Bjp worker, his/her family all Bjp supporte‚Ä¶",1
2020-04-06 13:27:08,New Delhi,OpIndia.com,RT _com: Why don't you stand for Markaz?: Cricketer Zaheer Khan gets attacked by Islamists for lighting a diya for PM Modi's 'light‚Ä¶,0
2020-04-06 13:27:07,,ANI,RT : Our mothers &amp; sisters gave their jewellery during wars in the past. The current situation is in no means less than a war. It is a‚Ä¶,0
2020-04-06 13:27:07,,Amit Malviya,"We were glorified as 5th Largest Economy, we left behind France and many developed countries as projected by Bhakts and Media. I am 100% sure Bhakts should start selling their Mother/sisters jewellery and even Stay in footpath, but won't fail Modi ji appeal.",1
2020-04-06 13:27:06,India,‡§è‡§ï ‡§π‡§ø‡§Ç‡§¶‡•Å‡§∏‡•ç‡§§‡§æ‡§®‡•Ä,RT : How's is this news #Liberals Jal bhun ke rakh #Narendra_Modi_ji Follow,1
2020-04-06 13:27:06,"New York, USA",Amit Shah,"RT : I also thank the President of India, Vice President &amp; Governors who have decided to contribute voluntary to this noble cause.‚Ä¶",1
2020-04-06 13:27:06,Jalgaon,Vidya,"RT : The health min has been sidelined, with Modi, in his characteristic way by centralising the response. The govt is hidin‚Ä¶",1
2020-04-06 13:27:06,,Press Trust of India,"RT _News: On one hand, you're asking the more privileged to put up spectacle of lights, while on the other, the plight of the poor is i‚Ä¶",1
2020-04-06 13:27:06,Bangalore/Bengaluru,Prof. Steve Hanke,RT _hanke: Really? Anti-#Coronavirus rally‚Äôs in #India? I doubt #COVID19 will listen to these demands. #Modi‚Äôs rhetoric is peddling m‚Ä¶,0
2020-04-06 13:27:04,"Punjab, India",Narendra Modi,RT : Had a fruitful interaction with the Council of Ministers today on the COVID-19 situation. Ministerial colleagues shared i‚Ä¶,1
2020-04-06 13:27:03,"Pondicherry, India",OpIndia.com,RT _com: Cricketer Mohammad Kaif gets attacked by Islamists for lighting lamp on 5th April in solidarity for fight against coronavi‚Ä¶,0
2020-04-06 13:27:03,"SantirBazar,Tripura,India",Narendra Modi,RT : Had a fruitful interaction with the Council of Ministers today on the COVID-19 situation. Ministerial colleagues shared i‚Ä¶,1
2020-04-06 13:27:02,"Thiruvananthapuram, Keralam",Narendra Modi,RT : Had a fruitful interaction with the Council of Ministers today on the COVID-19 situation. Ministerial colleagues shared i‚Ä¶,1
2020-04-06 13:27:02,Kashmir Delhi,Narendra Modi,"BJP J &amp; K unit writes letter to PM Modi, requesting to restore high speed 4G mobile internet in J &amp; K which is suspended since last 08 months.",0
2020-04-06 13:27:01,"Rome, Lazio",The Mamuns@(The Trustworthy),"RT : Attention Indian PEOPLE. Not if to eat. Dhokebaaz, not well educated criminal Modi. Given to make bullshit! Because majori‚Ä¶",0
2020-04-06 13:27:01,India,OpIndia.com,RT _com: Cricketer Mohammad Kaif gets attacked by Islamists for lighting lamp on 5th April in solidarity for fight against coronavi‚Ä¶,0
2020-04-06 13:27:01,"Pune, India",Shilpa Nair,RT : Kamal Haasan writes a strongly worded letter to PM Modi. Says his biggest fear is that the same mistake of demonetisat‚Ä¶,0
2020-04-06 13:27:01,"Pune, India",Shilpa Nair,RT : Kamal Haasan writes a strongly worded letter to PM Modi. Says his biggest fear is that the same mistake of demonetisat‚Ä¶,0
2020-04-06 13:27:00,"Madhya Pradesh, India",Narendra Modi,RT : Had a fruitful interaction with the Council of Ministers today on the COVID-19 situation. Ministerial colleagues shared i‚Ä¶,1
2020-04-06 13:26:59,"Bhalaswa, New Delhi",Narendra Modi,RT : Had a fruitful interaction with the Council of Ministers today on the COVID-19 situation. Ministerial colleagues shared i‚Ä¶,1
2020-04-06 13:26:59,"Nagaland, India",Lt Cdr Gokul (R),RT : Suspension of MPLAD fund is another blow on Kerala by Modi Govt. All MPs of Kerala were utilising their fund for COVID relie‚Ä¶,1
2020-04-06 13:26:58,"Khansahib, Jammu And Kashmir",100Rabh,Your modi say not in police station and army,1
2020-04-06 13:26:58,"Punjab, Pakistan",Ashok Swain,RT : Modi knows how to quarantine Muslims only! They are not leaving anything to blame Muslims for India's #CoronaVirus crisis! h‚Ä¶,0
2020-04-06 13:26:58,New Delhi,Moushumi Das Gupta,This is the ‚ÄòBhilwara model‚Äô Modi govt is looking to use across India to fight Covid-19 ThePrint's Moushumi Das Gupta _moushumi reports,0
2020-04-06 13:26:58,,JijoyMatts',RT _matt: This is also another way of showing solidarity with PM Modi‚Äôs appeal to light diyas for 9 Baje 9 Minute.,1
2020-04-06 13:26:57,,Political Kida,"RT : Maulana after threatening Journalists finally apologises, Perfect opportunity for liberals to show how Minorities are s‚Ä¶",1
2020-04-06 13:26:56,"Guwahati, India",Kamal Haasan,The letter speaks the truth. Thankfully it‚Äôs unlike a few who only know how to hurl stones. Some of the things you wrote reflect in this story of mine. Please do read. Thank you Sir. ‚Å¶ ‚Å© ‚Å¶ ‚Å©,1
2020-04-06 13:26:56,"Muzaffarnagar, India",Amit Shah,"RT : I also thank the President of India, Vice President &amp; Governors who have decided to contribute voluntary to this noble cause.‚Ä¶",1
2020-04-06 13:26:55,,OpIndia.com,RT _com: Cricketer Mohammad Kaif gets attacked by Islamists for lighting lamp on 5th April in solidarity for fight against coronavi‚Ä¶,0
2020-04-06 13:26:55,"‡§Æ‡•Å‡§Ç‡§¨‡§à, ‡§≠‡§æ‡§∞‡§§",Narendra Modi,RT : Had a fruitful interaction with the Council of Ministers today on the COVID-19 situation. Ministerial colleagues shared i‚Ä¶,1
2020-04-06 13:26:54,"india, Manali,Himachal Pradesh",Political Kida,"RT : Maulana after threatening Journalists finally apologises, Perfect opportunity for liberals to show how Minorities are s‚Ä¶",1
2020-04-06 13:26:53,,Dipika Chikhlia,I am proud that I am a citizen of that country whose Prime Minister Shri Narendra Damodar Das Modi ji ..I selute to him and I am with modi ji I can proudly say that I am Modi Bhagat #RSS #pmmodi #JaiHind,1
2020-04-06 13:26:53,,Dhanya Rajendran,RT : 'Don't be a balcony govt for balcony people‚Äô: Kamal Haasan writes to PM Modi,1
2020-04-06 13:26:53,,SG,"If kamal did that, he is only going to lose any further favor from modi. Such is this letter. And kamal doesn't seem to care.",0
2020-04-06 13:26:53,,Shash,RT : Mamata is everything what Liberandus try to see in Modi. -She detained Dr. Khan for asking proper PPE suits instead of Ra‚Ä¶,0
2020-04-06 13:26:52,"Rome, Lazio",The Mamuns@(The Trustworthy),"RT : Not if to eat. Dhokebaaz, not well educated criminal Modi. Given to make bullshit.",0
2020-04-06 13:26:50,"Mumbai, India",Narendra Modi,RT : Had a fruitful interaction with the Council of Ministers today on the COVID-19 situation. Ministerial colleagues shared i‚Ä¶,1
2020-04-06 13:26:50,"Pune, India",Political Kida,"RT : Maulana after threatening Journalists finally apologises, Perfect opportunity for liberals to show how Minorities are s‚Ä¶",1
2020-04-06 13:26:49,,Sardar Haroon,RT _sardar_: #StructuralViolenceInIOJK The Indian government tries to manipulate a law that provides guarantees to Kashmiris. It i‚Ä¶,1
2020-04-06 13:26:49,,Arvind Gunasekar,RT : India‚Äôs biggest potential is its human potential &amp; we have tided over bigger crises in the past.We will overcome this‚Ä¶,1
2020-04-06 13:26:49,,WaterBluSky,"RT : Just a reminder that while he was downplaying the #Pandemic , Trump took off for two days, flew to India for pep rally with M‚Ä¶",1
2020-04-06 13:26:48,,Savukku_Shankar,RT : chooses to call a spade a spade. Open letter from Kamal Haasan to Prime Minister Narendra Modi - The Hindu htt‚Ä¶,1
2020-04-06 13:26:47,Mumbai / Washington DC,Shilpa Nair,RT : Kamal Haasan writes a strongly worded letter to PM Modi. Says his biggest fear is that the same mistake of demonetisat‚Ä¶,0
2020-04-06 13:26:47,,Ashok Swain,RT : Vulgarism runs from top to bottom in the BJP - A woman BJP leader fired shots in the air during Modi's 9-minute 'Diwali' last‚Ä¶,0
2020-04-06 13:26:46,"H√† N·ªôi, Vi·ªát Nam",Ankit Mishraüë®‚Äçüíª,RT : Modi ji we are ready for some more days if needed. We will fight üí™ Corona üëä together.,1
2020-04-06 13:26:46,"Ludhiana, India",Narendra Modi,RT : Had a fruitful interaction with the Council of Ministers today on the COVID-19 situation. Ministerial colleagues shared i‚Ä¶,1
2020-04-06 13:26:46,"Chennai, India",Prashant Bhushan,"RT : Read: Fine letter of Kamal Hasan to Modi on the Virus of apathy to the poor unleashed by him. ""I am extremely saddened to se‚Ä¶",0
2020-04-06 13:26:45,,Indradeep Khan,RT : I thought of doing a point by point critique of Arundhoti Roy FT Article However looking at the reasons she gave for In‚Ä¶,1
2020-04-06 13:26:45,India,Narendra Modi,RT : Had a fruitful interaction with the Council of Ministers today on the COVID-19 situation. Ministerial colleagues shared i‚Ä¶,1
2020-04-06 13:26:44,"West Bengal, India",ANI,RT : Our mothers &amp; sisters gave their jewellery during wars in the past. The current situation is in no means less than a war. It is a‚Ä¶,0
2020-04-06 13:26:44,"Mumbai, India",nikhil wagle,RT : 3 points proved once again by Modi‚Äôs ‚ÄòCorona Diwali‚Äô: 1) Modi is the most popular leader in India 2) Opposition parties ar‚Ä¶,1
2020-04-06 13:26:44,,Ashok Swain,RT : Modi knows how to quarantine Muslims only! They are not leaving anything to blame Muslims for India's #CoronaVirus crisis! h‚Ä¶,0
2020-04-06 13:26:44,"Umargam, gujarat",Narendra Modi,RT : Had a fruitful interaction with the Council of Ministers today on the COVID-19 situation. Ministerial colleagues shared i‚Ä¶,1
2020-04-06 13:26:44,,Michael Slackman,RT : Watch this video: Modi Denies India Is Targeting Muslims. We Found a Different Reality.,0
2020-04-06 13:26:44,In Your ‚ù§,Deepika Narayan Bhardwaj,"RT : Those who bring #JasodaBen into conversation to condemn Modi, have NO concern, love, empathy or care for the lady. The‚Ä¶",1
2020-04-06 13:26:44,"Mumbai, Delhi & Patna",Saket Gokhale,RT : Modi doesn‚Äôt want to test enough people for Covid-19. That‚Äôs because he &amp; his media have spent the last few days tellin‚Ä¶,1
2020-04-06 13:26:43,Earth,Dhanya Rajendran,RT : 'Don't be a balcony govt for balcony people‚Äô: Kamal Haasan writes to PM Modi,1
2020-04-06 13:26:43,‡§™‡•ç‡§∞‡§Ø‡§æ‡§ó‡§∞‡§æ‡§ú,‡§è‡§ï ‡§π‡§ø‡§Ç‡§¶‡•Å‡§∏‡•ç‡§§‡§æ‡§®‡•Ä,RT : How's is this news #Liberals Jal bhun ke rakh #Narendra_Modi_ji Follow,1
2020-04-06 13:26:42,,Madhumita Mazumdar,RT : Rajdeep normally follows Ram Guha when he has to outrage over . Guha expressed di‚Ä¶,0
2020-04-06 13:26:41,Delhi,Narendra Modi,RT : Had a fruitful interaction with the Council of Ministers today on the COVID-19 situation. Ministerial colleagues shared i‚Ä¶,1
2020-04-06 13:26:41,"Mumbai, India",Saket Gokhale,RT : Pls read this to know the absolute incompetent &amp; shady manner in which the Modi govt is handling the Covid-19 crisis. Z‚Ä¶,0
2020-04-06 13:26:41,India ,Mahua Moitra,RT : Turn out lights &amp; come on balconies? GET REAL MR. MODI! Give India fiscal pkg worth 8-10pc of GDP Ensure immediate w‚Ä¶,1
2020-04-06 13:26:41,"Jodhpur, Rajasthan, India",Narendra Modi,RT : Had a fruitful interaction with the Council of Ministers today on the COVID-19 situation. Ministerial colleagues shared i‚Ä¶,1
2020-04-06 13:26:40,Bihar,ANI,RT : RJD MP Manoj Jha writes to Prime Minister Narendra Modi on Union Cabinet's decision to suspend the MPLAD funds a period of two yea‚Ä¶,0
2020-04-06 13:26:39,,ANI,RT : Our mothers &amp; sisters gave their jewellery during wars in the past. The current situation is in no means less than a war. It is a‚Ä¶,0
2020-04-06 13:26:39,,Doctor NiMo,RT : The Church of the Holy Sepulchre in Jerusalem has been closed due to Corona Virus for the first time after 1349. The keys‚Ä¶,1
2020-04-06 13:26:39,Bangalore ,Narendra Modi,RT : Had a fruitful interaction with the Council of Ministers today on the COVID-19 situation. Ministerial colleagues shared i‚Ä¶,1
2020-04-06 13:26:38,,Press Trust of India,"RT _News: On one hand, you're asking the more privileged to put up spectacle of lights, while on the other, the plight of the poor is i‚Ä¶",1
2020-04-06 13:26:38,"Gujarat, India",Narendra Modi,RT : Had a fruitful interaction with the Council of Ministers today on the COVID-19 situation. Ministerial colleagues shared i‚Ä¶,1
2020-04-06 13:26:37,India,Anshul Saxena,RT : February 2020: ABP reported a fire incident near Solapur airport. April 2020: TV9 used ABP's footage of February incident‚Ä¶,0
2020-04-06 13:26:37,"Mirzapur Uttar Pradesh, India",Narendra Modi,RT : Had a fruitful interaction with the Council of Ministers today on the COVID-19 situation. Ministerial colleagues shared i‚Ä¶,1
2020-04-06 13:26:37,,Katy Tur,"In India, PM Modi has mobilized Railway Cars as ICU units with beds, ventilators, etc and dispatched to all parts of the country...makes you wonder which is a third world and which is a first world country...winning much?",1
2020-04-06 13:26:37,India,Rupa Subramanya,You missed bus again as in NoteBandi.Yu shd question PM Modi on why no tests done.Or why Health Ministry not import testing kits?Is there some business deal involved?Why shd Indian Labs charge Rs5000-when otr Nations do it free? #FreeTests,1
2020-04-06 13:26:37,,Smriti Z Irani,"Congratulations Madam, 40years Proud working with the largest party in the world under the leadership of Shri Narendra Modi Guruji Folded hands I still have my Id card of 2001 of the BJYM meet, feel happy to serve the people. Thanks",1
2020-04-06 13:26:36,"New Delhi, India",iMac_too,RT _too: Trump's call to Modi regarding supply of Hydroxychloroquine is a watershed moment in long term. Save it,1
2020-04-06 13:26:36,"Bihar, India",Narendra Modi,RT : Had a fruitful interaction with the Council of Ministers today on the COVID-19 situation. Ministerial colleagues shared i‚Ä¶,1
2020-04-06 13:26:36,India,NDTV,"RT : ""Balcony government only for balcony people"": Kamal Haasan's letter to PM",1
2020-04-06 13:26:35,India,Narendra Modi,RT : Had a fruitful interaction with the Council of Ministers today on the COVID-19 situation. Ministerial colleagues shared i‚Ä¶,1
2020-04-06 13:26:35,,Brahma Chellaney,"RT : BJP president: ""We should thank policemen, doctors, nurses, bank officials and postmen who are working."" He didn't mention j‚Ä¶",1
2020-04-06 13:26:35,"Jammu, Jammu And Kashmir",Prashant Bhushan,"RT : Read: Fine letter of Kamal Hasan to Modi on the Virus of apathy to the poor unleashed by him. ""I am extremely saddened to se‚Ä¶",0
2020-04-06 13:26:34,"Navi Mumbai, India",Radha Charan Das,RT : I think Modi has not lost his focus even during Corona crisis His 2 priorities are 1. To make more and more money 2.‚Ä¶,0
2020-04-06 13:26:34,New Delhi,TOI India,RT : AIIMS RDA writes to PM Modi over 'targeting of doctors for raising genuine concerns related to Covid-19 preparedness' htt‚Ä¶,1
2020-04-06 13:26:34,,Dewdrop,_ind Feel great when I see that forces under Modi ji's governance are getting due respect. This is coming from an Ex Serviceman's wife.,1
2020-04-06 13:26:34,Bharat,Narendra Modi,RT : Had a fruitful interaction with the Council of Ministers today on the COVID-19 situation. Ministerial colleagues shared i‚Ä¶,1
2020-04-06 13:26:33,,Sardar Haroon,"RT _sardar_: #StructuralViolenceInIOJK From removing article 370 to CAB and CAA And from CAB to domicile law ,All polices are based‚Ä¶",1
2020-04-06 13:26:33,"Dubai, United Arab Emirates",Ashok Swain,RT : Modi knows how to quarantine Muslims only! They are not leaving anything to blame Muslims for India's #CoronaVirus crisis! h‚Ä¶,0
2020-04-06 13:26:33,,Shash,RT : Mamata is everything what Liberandus try to see in Modi. -She detained Dr. Khan for asking proper PPE suits instead of Ra‚Ä¶,0
2020-04-06 13:26:33,"Bengaluru, Karnataka",Shilpa Nair,RT : Kamal Haasan writes a strongly worded letter to PM Modi. Says his biggest fear is that the same mistake of demonetisat‚Ä¶,0
2020-04-06 13:26:32,,Krishan Partap Singh,"RT : Usurping MPLADS just the start, testing the waters. Expect more such ordinances in an attempt to power-grab during the c‚Ä¶",1
2020-04-06 13:26:32,NY,The New York Times,Given the Modi government‚Äôs hostility to its to Muslim population one would hope the didn‚Äôt just parrot anonymous Indian government claims here. But there seems to have been no attempt to independently verify the claims. cc,0
2020-04-06 13:26:31,Greater Noida,Narendra Modi,RT : Had a fruitful interaction with the Council of Ministers today on the COVID-19 situation. Ministerial colleagues shared i‚Ä¶,1
